parameter,Pearson's coefficient
num_coord,0.044336682013087866
num_poss,0.05644417862644419
num_tu,0.07560924355510083
num_part_noun,-0.025147775630042654
num_noun_inf,0.008526716367516058
pos_sim_nei,-0.03743216427627304
lemma_sim_nei,-0.04792753272389645
pos_sim_all,-0.03140418966508746
lemma_sim_all,-0.04345225807580406
