parameter,Pearson's coefficient
num_coord,0.07662620402450963
num_poss,0.02404085841607393
num_tu,0.14119497390525992
num_part_noun,-0.04502096837959779
num_noun_inf,0.08558763127587804
pos_sim_nei,-0.04602015816700955
lemma_sim_nei,-0.04985344500613467
pos_sim_all,-0.037144291217984744
lemma_sim_all,-0.043498438781528884
